Unnamed: 0.2,Unnamed: 0.1,Unnamed: 0,Database,TF,TargetGene,Tissue,Experiment
0,0,0,SPP,RELA,ACLY,leukocytes,"RELA IP | BAY082  - IVD Th1 cells, PIA, RELA IP | TNF - GM15510 cells, RELA IP | TNF - GM12891 cells"
1,1,1,SPP,BAY082,ACLY,leukocytes,"RELA IP | BAY082  - IVD Th1 cells, PIA"
2,2,2,SPP,TCF21,ACLY,vasculature,"TCF21 IP, TCF21 IP"
3,3,3,SPP,USF1,ACLY,lung,"USF1 IP | DEX - A549 cells, USF1 IP - A549 cells, Rep 2"
4,4,4,SPP,DEX,ACLY,lung,"USF1 IP | DEX - A549 cells, CTCF IP | DEX - A549 cells , FOXA1 IP | DEX - A549 cells, CREB1 IP | DEX - A549 cells"
5,5,5,SPP,CREB1,ACLY,lung,"CREB1 IP - A549 cells, Rep 1, CREB1 IP | DEX - A549 cells, CREB1 IP - A549 cells, Rep 2"
6,6,6,SPP,ETS1,ACLY,leukocytes,"ETS1 IP - K562 cells, ETS1 IP - GM12878 cells, ETS1 IP"
7,7,7,SPP,THAP11,ACLY,stemcells,"THAP11 IP - Rep 1 , THAP11 IP - Rep 2 , THAP11 IP - Rep 3 , THAP11 IP - Rep 5 , THAP11 IP - Rep 4 "
8,8,8,SPP,CTCF,ACLY,leukocytes,"CTCF IP, CTCF IP - GM19239 cells, Rep 1 , CTCF IP - GM19238 cells, Rep 1 , CTCF IP - GM2255 cells, Rep 2 "
9,9,9,SPP,GATA3,ACLY,cns,GATA3 IP - SK-N-SH cells
10,10,10,SPP,FOXA1,ACLY,mammarygland,"DHT | FOXA1 ChIP-Seq, FOXA1 IP - T47D cells"
11,11,11,SPP,DHT,ACLY,mammarygland,"DHT | FOXA1 ChIP-Seq, DHT | MYC ChIP-Seq"
12,12,12,SPP,FOSL2,ACLY,cns,FOSL2 IP - SK-N-SH cells
13,13,13,SPP,MXI1,ACLY,leukocytes,MXI1 IP - GM12878 cells
14,14,14,SPP,USF1,ACLY,colon,USF1 IP - HCT116 cells
15,15,15,SPP,CTCF,ACLY,skin,"CTCF IP - AG04449 cells, Rep 2 , CTCF IP - HFFC cells, Rep 3 , CTCF IP - AG04449 cells, Rep 1 "
16,16,16,SPP,SIX5,ACLY,leukocytes,"SIX5 IP - K562 cells, Rep 2, SIX5 IP - K562 cells, Rep 1, SIX5 IP - GM12878 cells"
17,17,17,SPP,CEBPB,ACLY,stemcells,"CEBPB IP, CEBPB IP - H1 cells, CEBPB IP, CEBPB IP, CEBPB IP, CEBPB IP, CEBPB IP, CEBPB IP, CEBPB IP"
18,18,18,SPP,FOS,ACLY,mammarygland,"FOS IP | 4HT - MCF10A cells, 36 h, FOS IP | 4HT - MCF10A cells, 4 h, FOS IP | 4HT - MCF10A cells, 12 h"
19,19,19,SPP,4HT,ACLY,mammarygland,"FOS IP | 4HT - MCF10A cells, 36 h, FOS IP | 4HT - MCF10A cells, 4 h, FOS IP | 4HT - MCF10A cells, 12 h, E2F4 IP | 4HT - MCF10 cells"
20,20,20,SPP,CTCF,ACLY,cns,"CTCF IP - cerebellar astrocyte cells, Rep 2 , CTCF IP - BE(2)-C cells, Rep 1 , CTCF IP - spinal cord astrocyte cells, Rep 2 , CTCF IP - HCPEpiC cells, Rep 1 , CTCF IP - HCPEpiC cells, Rep 2 , CTCF IP - SK-N-SH cells, Rep 1 , CTCF IP - spinal cord astrocyte cells, Rep 1 , CTCF IP - SK-N-SH cells "
21,21,21,SPP,ELF3,ACLY,pancreas,"ELF3 IP, ELF3 IP, ELF3 IP | KLF5 KO"
22,22,22,SPP,CEBPB,ACLY,leukocytes,"CEBPB ChIP-Seq - K562, CEBPB IP | oxLDL  - Rep 208, CEBPB IP, CEBPB IP - HL-60 cells, Rep 2 , CEBPB IP - HL-60 cells, Rep 1 , CEBPB IP - K562 cells"
23,23,23,SPP,MAZ,ACLY,leukocytes,"MAZ IP - K562 cells, MAZ IP - GM12878 cells"
24,24,24,SPP,REST,ACLY,liver,"REST IP - HepG2 cells, Rep 2, REST IP - HepG2 cells, Rep 1"
25,25,25,SPP,BACH1,ACLY,stemcells,BACH1 IP - H1 cells
26,26,26,SPP,ZNF143,ACLY,leukocytes,"ZNF143 IP - K562, ZNF143 IP - HPB-ALL, ZNF143 IP - K562 cells, ZNF143 IP - GM12878 cells"
27,27,27,SPP,MYC,ACLY,leukocytes,"MYC IP - K562 cells, Rep 1, MYC IP - NB4 cells, MYC IP | IFNG - K562 cells, 30 min, MYC IP | IFNG - K562 cells, 6 h, MYC IP - K562 cells, Rep 2"
28,28,28,SPP,MAX,ACLY,leukocytes,"MAX IP - GM12878 cells, MAX IP - NB4 cells, MAX IP - K562 cells, MAX IP - K562 cells, Rep 2"
29,29,29,SPP,RELA,ACLY,adiposetissue,"RELA IP, RELA IP, RELA IP, RELA IP"
30,30,30,SPP,TBP,ACLY,uterus,TBP IP - HeLa cells
31,31,31,SPP,MYC,ACLY,mammarygland,"DHT | MYC ChIP-Seq, MYC IP - MCF-10A cells, MYC IP"
32,32,32,SPP,CTCF,ACLY,lung,"CTCF ChIP-Seq - A549, CTCF IP - IMR cells, CTCF IP - A549 cells, Rep 2 , CTCF IP - A549 cells , CTCF IP | DEX - A549 cells , CTCF IP - HPF cells, Rep 1 , CTCF IP - AG04450 cells, Rep 1 "
33,33,33,SPP,CTCF,ACLY,vasculature,"CTCF IP - AoAFC cells, Rep 1 , CTCF IP - HPAF cells, Rep 2 , CTCF IP - HBMEC cells, Rep 2 , CTCF IP - HBMEC cells, Rep 1 , CTCF IP - HPAF cells, Rep 1 "
34,34,34,SPP,IRF1,ACLY,leukocytes,"IRF1 IP | IFNG - K562 cells, 6 h, IRF1 IP | IFNG - K562 cells, 30 min, IRF1 IP | IFNA1-13 - K562 cells, 6 h"
35,35,35,SPP,IFNG,ACLY,leukocytes,"IRF1 IP | IFNG - K562 cells, 6 h, IRF1 IP | IFNG - K562 cells, 30 min, STAT1 IP - Rep 5, STAT1 IP - Rep 2, STAT1 IP - Rep 4, MYC IP | IFNG - K562 cells, 30 min, STAT1 IP - Rep 3, MYC IP | IFNG - K562 cells, 6 h"
36,36,36,SPP,E2F1,ACLY,prostate,"BICALU | E2F1 ChIP-Seq - Rep 1, BICALU | E2F1 ChIP-Seq - Rep 3, HES6 OE | E2F1 ChIP-Seq - Rep 3, E2F1 ChIP-Seq - Rep 3, HES6 OE | E2F1 ChIP-Seq - Rep 1, HES6 OE + BICALU | E2F1 ChIP-Seq - Rep 1, E2F1 ChIP-Seq - Rep 4, E2F1 ChIP-Seq - Rep 1, HES6 OE + BICALU | E2F1 ChIP-Seq - Rep 3"
37,37,37,SPP,BICALU,ACLY,prostate,"BICALU | E2F1 ChIP-Seq - Rep 1, BICALU | E2F1 ChIP-Seq - Rep 3, HES6 OE + BICALU | E2F1 ChIP-Seq - Rep 1, HES6 OE + BICALU | E2F1 ChIP-Seq - Rep 3"
38,38,38,SPP,FOS,ACLY,leukocytes,FOS IP - K562 cells
39,39,39,SPP,GABPA,ACLY,leukocytes,"GABPA IP - K562 cells, GABPA IP - Jurkat, Rep 1, GABPA IP - GM12878 cells, Rep 4 , GABPA IP - GM12878 cells, Rep 1 , GABPA IP - Jurkat, Rep 2, GABPA IP - GM12878 cells, Rep 2 , GABPA IP - GM12878 cells"
40,40,40,SPP,ELF1,ACLY,cns,ELF1 IP - SK-N-SH cells
41,41,41,SPP,CTCF,ACLY,kidney,"CTCF IP - RPTEC cells, Rep 2 , CTCF IP - HEK293 cells, Rep 1 , CTCF IP - RPTEC cells, Rep 1 "
42,42,42,SPP,FOXP1,ACLY,leukocytes,"FOXP1 IP - OCI-LY10, FOXP1 IP - BJAB"
43,43,43,SPP,ETV5,ACLY,colon,ETV5 IP 
44,44,44,SPP,MYB,ACLY,leukocytes,"MYB IP - Jurkat, Rep 1, MYB IP - Jurkat, Rep 2, MYB IP - Jurkat, Rep 3, MYB IP - Jurkat, Rep 5, MYB IP - MOLT3, MYB IP - Jurkat, Rep 4"
45,45,45,SPP,YY1,ACLY,colon,YY1 IP - HCT116 cells
46,46,46,SPP,GATA6,ACLY,stemcells,"GATA6 IP - Rep 7 , GATA6 IP - Rep 1 "
47,47,47,SPP,E2F6,ACLY,leukocytes,"E2F6 IP - K562 cells, E2F6 IP - K562 cells"
48,48,48,SPP,FOXA1,ACLY,prostate,"EtOH | FOXA1 ChIP-Seq - , CREB1 siRNA | FOXA1 ChIP-Seq - Rep 1, DHT | FOXA1 ChIP-Seq, AR Q640X OE + FOXA1 OE | FOXA1 ChIP-Seq, FOXA1 KD | GATA2 ChIP-Seq, FOXA1 siRNA | CREB1 ChIP-Seq - Rep 1, GATA2 KD + R1881 | FOXA1 ChIP-Seq, CREB1 siRNA | FOXA1 ChIP-Seq - Rep 2, FOXA1 ChIP-Seq, AR C562S OE + FOXA1 OE | FOXA1 ChIP-Seq, FOXA1 siRNA | CREB1 ChIP-Seq - Rep 2, EtOH | FOXA1 ChIP-Seq - Rep 2"
49,49,49,SPP,MYC,ACLY,colon,MYC IP - DTT
50,50,50,SPP,FOSL1,ACLY,colon,FOSL1 IP - HCT116 cells
51,51,51,SPP,CEBPB,ACLY,liver,"CEBPB IP - HepG2 cells, CEBPB ChIP-Seq - HepG2, CEBPB IP | FORSK - HepG2 cells"
52,52,52,SPP,PAX5,ACLY,leukocytes,"PAX5 IP - GM12891 cells, PAX5 IP - GM12878 cells, Rep 1"
53,53,53,SPP,ZBTB7A,ACLY,leukocytes,ZBTB7A IP - SK-N-SH cells
54,54,54,SPP,REST,ACLY,cns,"REST IP - PFSK1 cells, Rep 2, REST IP - SK-N-SH cells, REST IP - SK cells, REST IP - U87 cells"
55,55,55,SPP,CEBPB,ACLY,colon,"CEBPB IP - HCT116 cells, CEBPB IP | 125DVD3, CEBPB IP"
56,56,56,SPP,TCF12,ACLY,lung,TCF12 IP - A549 cells
57,57,57,SPP,FOXA2,ACLY,stemcells,"FOXA2 IP - ES D10, FOXA2 IP - ES D5, FOXA2 IP - ES D7"
58,58,58,SPP,SP1,ACLY,leukocytes,"SP1 IP - GM12878 cells, SP1 IP - K562 cells"
59,59,59,SPP,USF1,ACLY,stemcells,USF1 IP - H1 cells
60,60,60,SPP,SPI1,ACLY,leukocytes,"SPI1 IP, SPI1 IP, SPI1 IP, SPI1 IP, SPI1 IP"
61,61,61,SPP,CEBPA,ACLY,leukocytes,CEBPA IP
62,62,62,SPP,BHLHE40,ACLY,leukocytes,BHLHE40 IP - K562 cells
63,63,63,SPP,NFYA,ACLY,uterus,NFYA IP - HeLa cells
64,64,64,SPP,E2F6,ACLY,stemcells,E2F6 IP - H1 cells
65,65,65,SPP,JUND,ACLY,mammarygland,JUND IP - MCF7 cells
66,66,66,SPP,USF1,ACLY,cns,"USF1 IP | ATRA - SK-N-SH cells, USF1 IP - SK-N-SH cells"
67,67,67,SPP,ATRA,ACLY,cns,"USF1 IP | ATRA - SK-N-SH cells, YY1 IP | ATRA - SK-N-SH cells"
68,68,68,SPP,CREB1,ACLY,prostate,"CREB1 ChIP-Seq - Rep 1, CREB1 siRNA | FOXA1 ChIP-Seq - Rep 1, FOXA1 siRNA | CREB1 ChIP-Seq - Rep 1, CREB1 ChIP-Seq - LNCaP, CREB1 ChIP-Seq - LNCaP-abl, CREB1 siRNA | FOXA1 ChIP-Seq - Rep 2, CREB1 ChIP-Seq - Rep 2, FOXA1 siRNA | CREB1 ChIP-Seq - Rep 2"
69,69,69,SPP,STAT3,ACLY,leukocytes,"STAT3 IP - SU-DHL-4, STAT3 IP - SU-DHL-6"
70,70,70,SPP,CTCF,ACLY,heart,CTCF IP - HCF cells 
71,71,71,SPP,TBP,ACLY,stemcells,TBP IP - H1 cells
72,72,72,SPP,JUN,ACLY,mammarygland,"JUN IP | DEX, JUN IP - Rep 1, JUN IP - Rep 2, JUN IP, JUN IP | CPDA"
73,73,73,SPP,DEX,ACLY,mammarygland,JUN IP | DEX
74,74,74,SPP,CTCF,ACLY,skeletalmuscle,"CTCF IP - HSMM cells, Rep 2 "
75,75,75,SPP,FOXA1,ACLY,stemcells,"FOXA1 IP - Rep 5 , FOXA1 IP - ES D5"
76,76,76,SPP,TP53,ACLY,skin,"TP53 IP, TP53 IP | NUTL3"
77,77,77,SPP,MAX,ACLY,cns,MAX IP - SK-N-SH cells
78,78,78,SPP,TEAD4,ACLY,stemcells,TEAD4 IP - H1 cells
79,79,79,SPP,YY1,ACLY,leukocytes,"YY1 IP - GM12892 cells, Rep 1, YY1 IP - K562 cells, Rep 2, YY1 IP - GM12878 cells, YY1 IP - GM12891 cells, YY1 IP - K562 cells, Rep 1"
80,80,80,SPP,FOXH1,ACLY,embryonictissue,FOXH1 IP - endoderm
81,81,81,SPP,CREB1,ACLY,uterus,CREB1 IP - ECC1 cells
82,82,82,SPP,SP2,ACLY,liver,SP2 IP - HepG2 cells
83,83,83,SPP,SRF,ACLY,colon,SRF IP - HCT116 cells
84,84,84,SPP,FOXA2,ACLY,lung,FOXA2 IP - A549 cells
85,85,85,SPP,CEBPB,ACLY,mammarygland,CEBPB IP - MCF7 cells
86,86,86,SPP,YY1,ACLY,cns,"YY1 IP - SK-N-SH cells, YY1 IP | ATRA - SK-N-SH cells"
87,87,87,SPP,DHT,ACLY,prostate,DHT | FOXA1 ChIP-Seq
88,88,88,SPP,HMGN3,ACLY,leukocytes,HMGN3 IP - K562 cells
89,89,89,SPP,YY1,ACLY,liver,YY1 IP - HepG2 cells
90,90,90,SPP,ELF1,ACLY,liver,ELF1 IP - HepG2 cells
91,91,91,SPP,CREB1,ACLY,leukocytes,"CREB1 IP - GM12878 cells, CREB1 IP - K562 cells"
92,92,92,SPP,ZEB1,ACLY,liver,ZEB1 IP - HepG2 cells
93,93,93,SPP,KLF11,ACLY,adiposetissue,"KLF11 ChIP-Seq, Rep 2, ROSI (BrAT) | KLF11 ChIP-Seq, Rep 1, KLF11 ChIP-Seq, Rep 1, ROSI (BrAT) | KLF11 ChIP-Seq, Rep 2"
94,94,94,SPP,FOSL2,ACLY,lung,FOSL2 IP - A549 cells
95,95,95,SPP,GATA4,ACLY,stemcells,"GATA4 IP - Rep 11 , GATA4 IP - Rep 9 , GATA4 IP - Rep 10 , GATA4 IP - Rep 8 "
96,96,96,SPP,CTCF,ACLY,sensory,"CTCF IP - WERI-Rb-1- cells, Rep 1 , CTCF IP - HRPEpiC cells, Rep 1 "
97,97,97,SPP,JUN,ACLY,liver,JUN IP - HepG2 cells
98,98,98,SPP,FOSL2,ACLY,liver,FOSL2 IP - HepG2 cells
99,99,99,SPP,MYC,ACLY,liver,MYC IP
100,100,100,SPP,GABPA,ACLY,prostate,"GABPA IP - Rep 1, GABPA IP | R1881"
101,101,101,SPP,GTF2B,ACLY,uterus,"GTF2B IP - Rep 3, GTF2B IP - Rep 2, GTF2B IP | RO306"
102,102,102,SPP,USF2,ACLY,leukocytes,USF2 IP - GM12878 cells
103,103,103,SPP,TBP,ACLY,leukocytes,"TBP IP - K562 cells, TBP IP - GM12878 cells"
104,104,104,SPP,CREB1,ACLY,stemcells,CREB1 IP - H1 cells
105,105,105,SPP,KLF5,ACLY,pancreas,"KLF5 IP, ELF3 IP | KLF5 KO"
106,106,106,SPP,ZNF143,ACLY,uterus,"ZNF143 IP - HeLa, Rep 1, ZNF143 Ip - HeLa, Rep 2, ZNF143 IP - HeLa cells"
107,107,107,SPP,RUNX1,ACLY,hspcs,RUNX1
108,108,108,SPP,TP53,ACLY,mammarygland,TP53 IP
109,109,109,SPP,MYC,ACLY,uterus,MYC IP - HeLa cells
110,110,110,SPP,TEAD4,ACLY,uterus,TEAD4 IP - ECC1 cells
111,111,111,SPP,MAX,ACLY,liver,"MAX IP - HepG2 cells, MAX IP - MCF7 cells, MAX IP - HepG2 cells"
112,112,112,SPP,TEAD4,ACLY,cns,TEAD4 IP - SK-N-SH cells
113,113,113,SPP,E2F1,ACLY,uterus,"E2F1 IP - HeLa cells, Rep 2"
114,114,114,SPP,ZNF143,ACLY,colon,ZNF143 IP 
115,115,115,SPP,AR,ACLY,prostate,"AR Q640X OE + FOXA1 OE | FOXA1 ChIP-Seq, AR C562S OE + FOXA1 OE | FOXA1 ChIP-Seq"
116,116,116,SPP,ZNF263,ACLY,kidney,ZNF263 IP - HEK293 cells
117,117,117,SPP,ELF1,ACLY,mammarygland,ELF1 IP - MCF7 cells
118,118,118,SPP,JUND,ACLY,lung,JUND IP - A549 cells
119,119,119,SPP,CEBPB,ACLY,lung,"CEBPB ChIP-Seq - A549, CEBPB ChIP-Seq - IMR90, CEBPB IP - A549 cells"
120,120,120,SPP,OTX2,ACLY,stemcells,OTX2 IP - Rep 10 
121,121,121,SPP,GABPA,ACLY,liver,"GABPA IP - MCF7 cells, GABPA IP - HepG2 cells, GABPA IP"
122,122,122,SPP,ELF1,ACLY,leukocytes,"ELF1 IP - SK-N-SH cells, ELF1 IP - SK-N-SH cells"
123,123,123,SPP,SP1,ACLY,liver,SP1 IP - HepG2 cells
124,124,124,SPP,MAX,ACLY,vasculature,MAX IP - HUVEC cells
125,125,125,SPP,JUN,ACLY,vasculature,JUN IP
126,126,126,SPP,MXI1,ACLY,cns,MXI1 IP - SK-N-SH cells 
127,127,127,SPP,EGR1,ACLY,colon,EGR1 IP - HCT116 cells
128,128,128,SPP,ZNF143,ACLY,kidney,ZNF143 IP - HEK293-T-rex
129,129,129,SPP,YY1,ACLY,uterus,YY1 IP - ECC1 cells
130,130,130,SPP,ZNF143,ACLY,stemcells,ZNF143 IP - H1 cells
131,131,131,SPP,USF1,ACLY,leukocytes,"USF1 IP - GM12878 cells, USF1 IP - K562 cells"
132,132,132,SPP,125DVD3,ACLY,colon,CEBPB IP | 125DVD3
133,133,133,SPP,GATA2,ACLY,prostate,"FOXA1 KD | GATA2 ChIP-Seq, GATA2 KD + R1881 | FOXA1 ChIP-Seq, GATA2 ChIP-Seq"
134,134,134,SPP,MAX,ACLY,uterus,"MAX IP - ECC1 cells, MAX IP - HeLa cells, Rep 2, MAX IP - HeLa cells, Rep 1"
135,135,135,SPP,HEY1,ACLY,leukocytes,HEY1 IP - K562 cells
136,136,136,SPP,HES6,ACLY,prostate,"HES6 OE | E2F1 ChIP-Seq - Rep 3, HES6 OE | E2F1 ChIP-Seq - Rep 1, HES6 OE + BICALU | E2F1 ChIP-Seq - Rep 1, HES6 OE + BICALU | E2F1 ChIP-Seq - Rep 3"
137,137,137,SPP,CTCF,ACLY,placenta,"CTCF IP - HVMF cells, Rep 1 "
138,138,138,SPP,ETS1,ACLY,lung,ETS1 IP - A549 cells
139,139,139,SPP,SP1,ACLY,colon,SP1 IP - HCT116 cells
140,140,140,SPP,GABPA,ACLY,cns,GABPA IP - SK-N-SH cells
141,141,141,SPP,JUN,ACLY,colon,JUN IP 
142,142,142,SPP,NFYB,ACLY,uterus,NFYB IP - HeLa cells
143,143,143,SPP,NFYB,ACLY,leukocytes,"NFYB IP - GM12878 cells, NFYB IP - K562 cells"
144,144,144,SPP,STAT1,ACLY,leukocytes,"STAT1 IP - Rep 5, STAT1 IP - Rep 2, STAT1 IP - Rep 4, STAT1 IP - Rep 3"
145,145,145,SPP,SIX5,ACLY,lung,SIX5 IP | DEX - A549 cells
146,146,146,SPP,MXI1,ACLY,uterus,MXI1 IP - HeLa cells
147,147,147,SPP,E2F3,ACLY,colon,E2F3 IP 
148,148,148,SPP,R1881,ACLY,prostate,"GATA2 KD + R1881 | FOXA1 ChIP-Seq, GABPA IP | R1881"
149,149,149,SPP,CREB1,ACLY,liver,"CREB1 IP, CREB1 IP - HepG2 cells, CREB1 IP"
150,150,150,SPP,TAL1,ACLY,colon,TAL1 IP 
151,151,151,SPP,USF1,ACLY,uterus,USF1 IP - ECC1 cells
152,152,152,SPP,MAZ,ACLY,lung,MAZ IP - IMR cells
153,153,153,SPP,IFNA1,ACLY,leukocytes,"IRF1 IP | IFNA1-13 - K562 cells, 6 h"
154,154,154,SPP,CTCF,ACLY,stemcells,"CTCF IP - H1 cells , CTCF IP - Rep 6 , CTCF IP - H1 cells"
155,155,155,SPP,TEAD4,ACLY,lung,TEAD4 IP - A549 cells
156,156,156,SPP,TP53,ACLY,lung,"TP53 IP - propapoptic, Rep 1"
157,157,157,SPP,FOXA1,ACLY,lung,"FOXA1 IP | DEX - A549 cells, FOXA1 IP - A549 cells"
158,158,158,SPP,GLI2,ACLY,colon,GLI2 IP 
159,159,159,SPP,GATA2,ACLY,hspcs,GATA2 IP
160,160,160,SPP,MXI1,ACLY,stemcells,MXI1 IP - H1 cells
161,161,161,SPP,MXI1,ACLY,lung,MXI1 IP - IMR cells
162,162,162,SPP,CEBPB,ACLY,uterus,"CEBPB ChIP-Seq - HeLaS3, CEBPB IP - ECC1 cells"
163,163,163,SPP,NFKB1,ACLY,leukocytes,NFKB1 IP - Rep 2
164,164,164,SPP,RELA,ACLY,colon,RELA IP 
165,165,165,SPP,TEAD4,ACLY,colon,TEAD4 IP - HCT116 cells
166,166,166,SPP,SP1,ACLY,stemcells,"SP1 IP - Rep 1 , SP1 IP - Rep 2 , SP1 IP - H1 cells"
167,167,167,SPP,USF1,ACLY,liver,USF1 IP - HepG2 cells
168,168,168,SPP,STAT5B,ACLY,leukocytes,STAT5B IP | IL2 - Rep 2
169,169,169,SPP,IL2,ACLY,leukocytes,STAT5B IP | IL2 - Rep 2
170,170,170,SPP,SP2,ACLY,leukocytes,SP2 IP - K562 cells
171,171,171,SPP,CTCF,ACLY,mammarygland,"CTCF IP - HMF cells, Rep 1 , CTCF IP - MCF-7 cells, Rep 1 , CTCF IP - HMF cells, Rep 2 "
172,172,172,SPP,TP53,ACLY,bone,TP53 IP | TP53EE/RR OE
173,173,173,SPP,ZNF384,ACLY,leukocytes,ZNF384 IP - K562 cells
174,174,174,SPP,FOXA2,ACLY,liver,FOXA2 IP - HepG2 cells
175,175,175,SPP,ERG,ACLY,leukocytes,ERG IP - Rep 1
176,176,176,SPP,FOXA1,ACLY,liver,"FOXA1 IP - HepG2 cells, Rep 1, FOXA1 IP - HepG2 cells, Rep 2"
177,177,177,SPP,YY1,ACLY,lung,YY1 IP - A549 cells
178,178,178,SPP,MAFK,ACLY,lung,MAFK IP - IMR cells
179,179,179,SPP,SREBF1,ACLY,leukocytes,SREBF1 IP - GM12878 cells
180,180,180,SPP,ROSI,ACLY,adiposetissue,"ROSI (BrAT) | KLF11 ChIP-Seq, Rep 1, ROSI (BrAT) | KLF11 ChIP-Seq, Rep 2"
181,181,181,SPP,TNF,ACLY,leukocytes,"RELA IP | TNF - GM15510 cells, RELA IP | TNF - GM12891 cells"
182,182,182,SPP,MAZ,ACLY,uterus,MAZ IP - HeLa cells
183,183,183,SPP,POU2F2,ACLY,leukocytes,POU2F2 IP - GM12878 cells
184,184,184,SPP,GATA3,ACLY,lung,GATA3 IP - A549 cells
185,185,185,SPP,NFYA,ACLY,leukocytes,NFYA IP - K562 cells
186,186,186,SPP,EGR1,ACLY,leukocytes,EGR1 IP - K562 cells
187,187,187,SPP,EBF1,ACLY,leukocytes,"EBF1 IP - GM12878 cells, EBF1 IP - GM12878 cells"
188,188,188,SPP,CTCF,ACLY,adiposetissue,CTCF ChIP-Seq - d -2
189,189,189,SPP,ATF2,ACLY,colon,ATF2 IP 
190,190,190,SPP,KLF5,ACLY,stomach,KLF5 IP - KATOIII
191,191,191,SPP,HEY1,ACLY,liver,HEY1 IP - HepG2 cells
192,192,192,SPP,MYBL2,ACLY,liver,MYBL2 IP - HepG2 cells
193,193,193,SPP,MAX,ACLY,stemcells,MAX IP - H1 cells
194,194,194,SPP,IRF4,ACLY,leukocytes,IRF4 IP
195,195,195,SPP,ZBTB17,ACLY,bone,ZBTB17 IP
196,196,196,SPP,MAX,ACLY,colon,MAX IP - HCT116 cells
197,197,197,SPP,TCF12,ACLY,leukocytes,TCF12 IP - GM12878 cells
198,198,198,SPP,JUND,ACLY,cns,"JUND IP - SK-N-SH cells , JUND IP - SK-N-SH cells"
199,199,199,SPP,E2F6,ACLY,lung,E2F6 IP - A549 cells
200,200,200,SPP,IRF1,ACLY,colon,IRF1 IP 
201,201,201,SPP,E2F1,ACLY,mammarygland,"E2F1 IP - MCF7 cells, E2F1 IP"
202,202,202,SPP,TCF12,ACLY,cns,TCF12 IP - SK-N-SH cells
203,203,203,SPP,FOSL1,ACLY,mammarygland,FOSL1 IP
204,204,204,SPP,ZBTB7A,ACLY,liver,ZBTB7A IP - HepG2 cells
205,205,205,SPP,CTCF,ACLY,miscellaneous,"CTCF IP - AG09319 cells, Rep 1 "
206,206,206,SPP,JUND,ACLY,leukocytes,JUND IP - K562 cells
207,207,207,SPP,MEF2A,ACLY,leukocytes,MEF2A IP - GM12878 cells
208,208,208,SPP,ATF1,ACLY,leukocytes,ATF1 IP - K562 cells
209,209,209,SPP,NFYA,ACLY,colon,NFYA IP 
210,210,210,SPP,ELF1,ACLY,lung,ELF1 IP - A549 cells
211,211,211,SPP,CPDA,ACLY,mammarygland,JUN IP | CPDA
212,212,212,SPP,MAX,ACLY,lung,"MAX IP - A549 cells, MAX IP - A549 cells"
213,213,213,SPP,TBP,ACLY,liver,TBP IP - HepG2 cells
214,214,214,SPP,E2F4,ACLY,mammarygland,E2F4 IP | 4HT - MCF10 cells
215,215,215,SPP,ELF1,ACLY,colon,ELF1 IP - HCT116 cells
216,216,216,SPP,GABPA,ACLY,lung,GABPA IP - A549 cells
217,217,217,SPP,RO306,ACLY,uterus,GTF2B IP | RO306
218,218,218,SPP,FORSK,ACLY,liver,CEBPB IP | FORSK - HepG2 cells
219,219,219,SPP,REST,ACLY,stemcells,"REST IP - H1 cells, Rep 1"
220,220,220,SPP,PBX3,ACLY,cns,PBX3 IP - SK-N-SH cells
221,221,221,SPP,MAZ,ACLY,liver,MAZ IP - HepG2 cells
222,222,222,SPP,GATA4,ACLY,stomach,GATA4 IP - AGS
223,223,223,SPP,JUND,ACLY,vasculature,JUND IP
224,224,224,SPP,TEAD4,ACLY,liver,TEAD4 IP - HepG2 cells
225,225,225,SPP,E2F4,ACLY,leukocytes,E2F4 IP - K562 cells
226,226,226,SPP,MTA3,ACLY,leukocytes,MTA3 IP - GM12878 cells
227,227,227,SPP,JUND,ACLY,colon,JUND IP - HCT116 cells
228,228,228,SPP,MXI1,ACLY,liver,MXI1 IP - HepG2 cells
229,229,229,SPP,JUND,ACLY,liver,JUND IP - HepG2 cells
230,230,230,SPP,REST,ACLY,lung,REST IP - A549 cells
231,231,231,SPP,HOXA4,ACLY,colon,HOXA4 IP 
232,232,232,SPP,MYC,ACLY,lung,MYC IP - A549 cells
233,233,233,SPP,SIX5,ACLY,stemcells,SIX5 IP - H1 cells
234,234,234,SPP,SP1,ACLY,lung,SP1 IP - A549 cells
235,235,235,SPP,SRF,ACLY,leukocytes,SRF IP - SK-N-SH cells
236,236,236,SPP,YY1,ACLY,stemcells,YY1 IP - H1 cells
237,237,237,SPP,PBX3,ACLY,lung,PBX3 IP - A549 cells
238,238,238,SPP,HOXA6,ACLY,colon,HOXA6 IP 
239,239,239,SPP,CTCF,ACLY,bone,CTCF IP - Osteoblasts 
240,240,240,SPP,ZBTB7A,ACLY,uterus,ZBTB7A IP - ECC1 cells
241,241,241,SPP,SREBF1,ACLY,liver,SREBF1 IP | INS + 22RHC - HepG2 cells
242,242,242,SPP,22RHC; INS,ACLY,liver,SREBF1 IP | INS + 22RHC - HepG2 cells
243,243,243,SPP,STAT5A,ACLY,leukocytes,STAT5A IP - GM12878 cells
244,244,244,SPP,FOXA2,ACLY,embryonictissue,FOXA2 IP - Rep 2
